Brand,Model,Battery,â‚¬/km of range*,0 - 100,Top Speed,Range*,Efficiency*,Fastcharge*,Price in Germany before incentives,Price in The Netherlands before incentives,Price in the United Kingdom after incentives,Approx. in USD based on source,Drive_Configuration
TESLA,Model 3,57.5,108,6.1,201,415,139,690,"43,970","43,993","39,990","49,827",Rear Wheel Drive
TESLA,Model Y Long Range Dual Motor,75,129,5.0,217,435,172,670,"55,970","50,990","52,990","66,025",All Wheel Drive
TESLA,Model 3 Long Range Dual Motor,75,108,4.4,201,500,150,770,"52,970","51,993","49,990","62,287",All Wheel Drive
BYD,ATTO 3,60.5,121,7.3,160,330,183,370,"37,990","38,990","37,195","46,344",Front Wheel Drive
TESLA,Model Y,57.5,135,6.9,217,350,164,580,"45,970","43,990","44,990","56,057",Rear Wheel Drive
MG,MG4 Electric 64 kWh,61.7,102,7.9,160,360,171,630,"39,990","35,785","29,495","36,750",Rear Wheel Drive
BYD,SEAL 82.5 kWh AWD Excellence,82.5,107,3.8,180,490,168,540,"50,990","50,990","48,695","60,673",All Wheel Drive
CITROEN,e-C3,44,90,11.0,135,265,166,340,"23,300","24,290","21,000","26,166",Front Wheel Drive
BMW,i4 eDrive40,80.7,122,5.7,190,515,157,800,"59,200","62,992","57,890","72,130",Rear Wheel Drive
BYD,DOLPHIN 60.4 kWh,60.5,101,7.0,160,340,178,340,"32,990","35,490","30,195","37,622",Front Wheel Drive
TESLA,Model Y Performance,75,150,3.7,250,415,181,640,"60,790","56,990","59,990","74,747",All Wheel Drive
VOLKSWAGEN,ID.4 Pro,77,114,6.7,180,435,177,650,"46,335","49,990","46,035","57,359",Rear Wheel Drive
HYUNDAI,Kona Electric 65 kWh,65.4,116,7.8,170,390,168,400,"47,190","43,995","38,595","48,089",Front Wheel Drive
BMW,iX xDrive40,71,225,6.1,200,360,197,480,"77,300","84,998","69,905","87,101",All Wheel Drive
VOLVO,EX30 Single Motor ER,64,117,5.3,180,365,175,610,"41,790","41,495","38,545","48,027",Rear Wheel Drive
TESLA,Model S Plaid,95,201,2.3,282,560,170,780,"110,970","110,993","100,000","124,600",All Wheel Drive
BYD,HAN,85.4,146,3.9,180,475,180,450,"69,020","69,990",N/A,"39,100",All Wheel Drive
KIA,Niro EV,64.8,111,7.8,167,385,168,390,"45,690","39,995","37,295","46,469",Front Wheel Drive
TESLA,Model S Dual Motor,95,168,3.2,250,575,165,800,"95,970","95,993","85,000","105,910",All Wheel Drive
BYD,SEAL 82.5 kWh RWD Design,82.5,96,5.9,180,500,165,550,"44,990","45,990","45,695","56,935",Rear Wheel Drive
TESLA,Model Y Long Range RWD,75,109,5.9,217,460,163,710,"49,970",N/A,N/A,"52,968",Rear Wheel Drive
ROLLS-ROYCE,Spectre,102,828,4.5,250,465,219,540,"379,015","396,275","330,000","411,180",All Wheel Drive
DACIA,Spring Electric 45,25,137,19.1,125,165,152,180,"22,550",N/A,N/A,"23,903",Front Wheel Drive
BYD,TANG,86.4,199,4.6,180,355,243,420,"71,400","69,990",N/A,"39,100",All Wheel Drive
HONDA,e:Ny1,61.9,147,7.6,160,335,185,300,"47,590","48,750","44,995","56,063",Front Wheel Drive
HONGQI,E-HS9 99 kWh,90,216,4.9,200,370,243,430,N/A,"79,995",N/A,"44,690",All Wheel Drive
BMW,iX3,74,184,6.8,180,385,192,520,"67,300","71,462","64,165","79,949",Rear Wheel Drive
RENAULT,Scenic E-Tech EV87 220hp,87,98,7.9,170,490,178,510,"48,900","47,970","40,995","51,079",Front Wheel Drive
BMW,iX1 xDrive30,64.7,147,5.6,180,380,170,510,"55,000","57,850","47,465","59,141",All Wheel Drive
KIA,EV6 Long Range 2WD,74,126,7.3,185,410,180,1070,"51,990","50,995","45,245","56,375",Rear Wheel Drive
RENAULT,Megane E-Tech EV60 220hp,60,113,7.4,160,380,158,530,"46,600","39,370","36,995","46,095",Front Wheel Drive
MG,ZS EV Long Range,68.3,105,8.4,175,370,185,420,"37,990","40,185","32,995","41,111",Front Wheel Drive
AUDI,Q6 e-tron quattro,94.9,170,5.9,210,460,206,920,"74,700","80,000","68,975","85,942",All Wheel Drive
BYD,SEAL U 71.8 kWh Comfort,71.8,126,9.3,175,340,211,320,N/A,"42,990",N/A,"24,016",Front Wheel Drive
TESLA,Model Y,57.5,135,6.9,217,350,164,810,"45,970","43,990","44,990","56,057",Rear Wheel Drive
SKODA,Enyaq 85,77,111,6.7,180,450,171,670,"48,900","49,990","44,540","55,496",Rear Wheel Drive
TOYOTA,bZ4X FWD,64,144,7.5,160,340,188,510,"47,490","45,995","46,110","57,453",Front Wheel Drive
BMW,i4 eDrive35,67,134,6.0,190,430,156,580,"56,500","59,362","49,995","62,293",Rear Wheel Drive
FIAT,500e Hatchback 42 kWh,37.3,149,9.0,150,235,159,390,"34,990","34,490","31,195","38,868",Front Wheel Drive
BMW,i7 xDrive60,101.7,272,4.7,240,510,199,760,"139,900","145,453","113,970","142,006",All Wheel Drive
KIA,EV9 99.8 kWh AWD,96,170,6.0,200,435,221,830,"76,490","71,495",N/A,"39,941",All Wheel Drive
BMW,i4 M50,80.7,170,3.9,225,450,179,700,"70,800","76,786","71,085","88,571",All Wheel Drive
VOLKSWAGEN,ID.3 Pro,58,122,7.3,160,350,166,450,"39,995","44,990","37,115","46,245",Rear Wheel Drive
NISSAN,Leaf,39,144,7.9,144,235,166,230,"33,400","35,090","28,995","36,127",Front Wheel Drive
LUCID,Air Grand Touring,112,196,3.0,270,665,168,840,"129,000","132,000",N/A,"73,743",All Wheel Drive
ZEEKR,001 Long Range RWD,94,116,7.2,200,525,179,710,"60,970","60,490",N/A,"33,793",Rear Wheel Drive
RENAULT,5 E-Tech 52kWh 150hp,52,97,7.5,150,330,158,420,"32,000","32,000","28,000","34,888",Front Wheel Drive
CUPRA,Born 150 kW - 58 kWh,58,113,7.3,160,350,166,470,"39,370","36,939","36,475","45,447",Rear Wheel Drive
MG,MG4 Electric 51 kWh,50.8,109,7.7,160,300,169,380,"34,990","32,285","26,995","33,635",Rear Wheel Drive
HYUNDAI,IONIQ 5 Long Range 2WD,74,132,7.3,185,390,190,1020,"47,900","52,895","46,945","58,493",Rear Wheel Drive
OPEL,Astra Electric,50.8,131,9.2,170,320,159,510,"41,990","39,999","37,795","47,092",Front Wheel Drive
RENAULT,Zoe ZE50 R110,52,114,11.4,135,315,165,230,"36,840","34,895",N/A,"19,494",Front Wheel Drive
VOLKSWAGEN,ID.7 Pro,77,126,6.5,180,475,162,730,"56,995","57,990","55,570","69,240",Rear Wheel Drive
HYUNDAI,IONIQ 6 Long Range 2WD,74,107,7.4,185,495,149,1290,"54,000","50,895","47,040","58,611",Rear Wheel Drive
MERCEDES-BENZ,EQB 250+,70.5,136,8.9,160,415,170,490,"53,514","54,966","52,800","65,788",Front Wheel Drive
NISSAN,Ariya 87kWh,87,117,7.6,160,450,193,540,"58,990","47,990","44,645","55,627",Front Wheel Drive
KIA,EV6 GT,74,198,3.5,260,360,206,940,"72,990","69,295","62,645","78,055",All Wheel Drive
AUDI,Q8 e-tron 55 quattro,106,170,5.6,200,505,210,640,"85,300","82,985","77,800","96,938",All Wheel Drive
BMW,iX1 eDrive20,64.7,127,8.3,170,390,166,520,"47,900","48,316","45,465","56,649",Front Wheel Drive
BMW,iX xDrive50,105.2,213,4.6,200,505,208,680,"100,100","105,097","102,755","128,032",All Wheel Drive
PORSCHE,Macan 4 Electric,95,174,5.2,220,485,196,970,"84,100","88,899","69,800","86,970",All Wheel Drive
MERCEDES-BENZ,EQS 450+,108.4,175,6.1,210,635,171,950,"109,551","112,720",N/A,"62,972",Rear Wheel Drive
HYUNDAI,IONIQ 6 Long Range AWD,74,135,5.1,185,440,168,1150,"61,100","59,395","50,540","62,972",All Wheel Drive
BMW,i5 eDrive40 Sedan,81.2,165,6.0,193,470,173,750,"70,200","77,572","74,105","92,334",Rear Wheel Drive
ZEEKR,001 Performance AWD,94,127,3.8,200,500,188,670,"63,970","63,490",N/A,"35,469",All Wheel Drive
MERCEDES-BENZ,EQA 250,66.5,129,8.6,160,395,168,570,"50,777",N/A,N/A,"53,823",Front Wheel Drive
HYUNDAI,IONIQ 5 N,80,194,3.4,260,385,208,950,"74,900","73,995","65,000","80,990",All Wheel Drive
VOLKSWAGEN,ID. Buzz Pro,77,192,10.2,145,345,223,480,"64,581","66,160","58,915","73,408",Rear Wheel Drive
PEUGEOT,e-3008 73 kWh,73,129,8.7,170,385,190,440,"48,650","48,190","45,850","57,129",Front Wheel Drive
VOLVO,EX30 Single Motor,49,134,5.7,180,280,175,430,"36,590","36,795","33,795","42,108",Rear Wheel Drive
JEEP,Avenger Electric,50.8,127,9.0,150,310,164,500,"38,500","39,500","34,800","43,360",Front Wheel Drive
FORD,Explorer Extended Range RWD,77,115,6.4,180,430,179,640,"49,500","45,950","45,875","57,160",Rear Wheel Drive
CITROEN,e-C4,46.3,127,9.7,150,290,160,460,"36,040","37,830","31,995","39,865",Front Wheel Drive
AUDI,Q4 e-tron 45,77,132,6.7,180,420,183,630,"52,950","54,865","50,745","63,228",Rear Wheel Drive
HYUNDAI,IONIQ 5 Long Range AWD,74,154,5.1,185,385,192,1010,"59,200","60,995","50,445","62,854",All Wheel Drive
POLESTAR,2 Long Range Single Motor,79,112,6.2,205,470,168,700,"49,975","51,200","48,950","60,991",Rear Wheel Drive
FISKER,Ocean Extreme,106.5,124,3.9,205,520,205,620,"63,590","63,590","57,900","72,143",All Wheel Drive
KIA,EV9 99.8 kWh AWD GT-Line,96,193,5.3,200,425,226,810,"82,380","78,895","73,245","91,263",All Wheel Drive
VOLKSWAGEN,ID.7 Pro S,86,120,7.0,180,520,165,800,"60,000","60,000","59,000","73,514",Rear Wheel Drive
NIO,ET5 100 kWh,90,140,4.0,200,500,180,520,"68,500","71,700",N/A,"40,055",All Wheel Drive
PEUGEOT,e-3008 98 kWh Long Range,98,111,8.9,170,510,192,660,"55,000","55,000","52,000","64,792",Front Wheel Drive
VOLVO,EX30 Twin Motor Performance,64,135,3.6,180,360,178,600,"48,490","49,995","40,995","51,079",All Wheel Drive
CUPRA,Born 170 kW - 77 kWh,77,105,7.0,160,450,171,630,"46,450","46,989","41,975","52,300",Rear Wheel Drive
KIA,EV6 Long Range AWD,74,146,5.2,185,400,185,1050,"55,980","59,995","51,745","64,474",All Wheel Drive
MAZDA,MX-30,30,212,9.7,140,170,176,170,"35,990","36,440","31,250","38,937",Front Wheel Drive
PORSCHE,Macan Turbo Electric,95,239,3.3,260,480,198,960,"114,600","121,000","95,000","118,370",All Wheel Drive
NIO,ET7 75 kWh,70.5,208,3.8,200,400,176,600,"81,900","84,900",N/A,"47,430",All Wheel Drive
SMART,#1 Pro+,62,126,6.7,180,335,185,520,"42,490","42,935","35,950","44,793",Rear Wheel Drive
TESLA,Model X Dual Motor,95,226,3.9,250,475,200,660,"100,970","100,993","105,000","130,830",All Wheel Drive
FISKER,Ocean Ultra,106.5,110,4.2,200,535,199,640,"58,900","58,990","50,900","63,421",All Wheel Drive
SMART,#1 Brabus,62,152,3.9,180,325,191,500,"48,990","48,895","43,450","54,138",All Wheel Drive
MG,MG5 Electric Long Range,57.4,112,7.7,185,335,171,330,"38,490","38,885","30,995","38,619",Front Wheel Drive
DACIA,Spring Electric 45,25,109,19.1,125,165,152,180,"18,000","18,950","14,995","18,683",Front Wheel Drive
MINI,Countryman E,64.7,119,8.6,170,380,170,510,"43,500","43,490","42,080","52,431",Front Wheel Drive
LOTUS,Eletre,109,202,4.5,250,495,220,1040,"96,990","98,690","90,805","113,143",All Wheel Drive
FORD,Explorer Extended Range AWD,79,131,5.3,180,430,184,690,"53,500","53,950","53,975","67,252",All Wheel Drive
SUBARU,Solterra AWD,64,179,6.9,160,320,200,480,"57,490","56,395","49,995","62,293",All Wheel Drive
HYUNDAI,IONIQ 5 Standard Range 2WD,54,162,8.5,185,295,183,720,"43,900","49,295","43,445","54,132",Rear Wheel Drive
MG,MG4 Electric 77 kWh,74.4,101,6.5,180,425,175,430,"45,990","41,285","36,495","45,472",Rear Wheel Drive
HYUNDAI,IONIQ 6 Standard Range 2WD,54,123,8.8,185,365,148,900,"43,900","45,895",N/A,"25,639",Rear Wheel Drive
MAXUS,MIFA 9,84,197,9.2,180,365,230,420,"68,990",N/A,"65,290","81,351",Front Wheel Drive
BMW,iX2 xDrive30,64.7,160,5.6,180,380,170,510,"56,500","59,350","57,445","71,576",All Wheel Drive
LEXUS,RZ 450e,64,218,5.6,160,320,200,480,"68,000","67,495","64,500","80,367",All Wheel Drive
LANCIA,Ypsilon,48.1,131,8.5,150,305,158,470,"40,000","40,000",N/A,"22,346",Front Wheel Drive
FORD,Mustang Mach-E ER RWD,91,126,7.0,180,480,190,420,"58,500","54,400","59,830","74,548",Rear Wheel Drive
ZEEKR,X Privilege AWD,64,143,3.8,180,345,186,580,"50,470","48,490",N/A,"27,089",All Wheel Drive
BYD,DOLPHIN 44.9 kWh Active,44.9,115,10.0,150,255,176,260,"28,000","29,990","26,000","32,396",Front Wheel Drive
RENAULT,Twingo Electric,21.3,207,12.6,135,135,158,-,"28,000",N/A,N/A,"29,680",Rear Wheel Drive
MERCEDES-BENZ,EQE 350+,90.6,155,6.4,210,530,171,790,N/A,"82,028",N/A,"45,825",Rear Wheel Drive
TOYOTA,bZ4X AWD,64,181,6.9,160,315,203,470,"57,390","52,995","52,510","65,427",All Wheel Drive
TESLA,Model X Plaid,95,271,2.8,262,455,209,630,"115,970","115,993","120,000","149,520",All Wheel Drive
SKODA,Enyaq Coupe 85,77,109,6.7,180,480,160,720,"51,150","52,990","46,440","57,864",Rear Wheel Drive
BYD,SEAL U 87 kWh Design,87,114,9.6,175,405,215,370,N/A,"45,990",N/A,"25,692",Front Wheel Drive
OPEL,Mokka-e 50 kWh,46.3,154,9.2,150,260,178,420,"40,650","36,999","36,610","45,616",Front Wheel Drive
KIA,EV9 99.8 kWh RWD,96,159,9.4,185,450,213,850,"72,490","67,995","64,995","80,983",Rear Wheel Drive
VOLVO,EX40 Single Motor ER,79,135,7.3,180,400,198,600,"55,490","51,995","47,705","59,440",Rear Wheel Drive
XPENG,G6 RWD Long Range,87.5,102,6.7,200,490,179,980,"50,000","50,000",N/A,"27,933",Rear Wheel Drive
MERCEDES-BENZ,EQS 580 4MATIC,108.4,267,4.3,210,590,184,880,"141,705","173,825",N/A,"97,109",All Wheel Drive
BMW,i5 M60 xDrive Sedan,81.2,254,3.8,230,420,193,670,"99,500","108,427","97,745","121,790",All Wheel Drive
RENAULT,Zoe ZE50 R135,52,117,9.5,140,310,168,230,"37,840","36,195","29,995","37,373",Front Wheel Drive
HYUNDAI,Kona Electric 48 kWh,48.4,138,8.8,160,295,164,280,"41,990","39,995","34,995","43,603",Front Wheel Drive
MG,ZS EV Standard Range,49,132,8.6,175,265,185,250,"33,990","35,885","30,495","37,996",Front Wheel Drive
POLESTAR,4 Long Range Single Motor,94,133,7.4,180,495,190,670,"63,200","64,800","59,990","74,747",Rear Wheel Drive
VOLKSWAGEN,ID.7 Tourer Pro,77,130,6.6,180,460,167,710,"54,795","58,990","57,000","71,022",Rear Wheel Drive
PEUGEOT,e-208 50 kWh,46.3,127,9.0,150,290,160,460,"37,475","35,870","32,650","40,681",Front Wheel Drive
AUDI,Q8 e-tron Sportback 55 quattro,106,168,5.6,200,525,202,660,"87,550","85,385","80,300","100,053",All Wheel Drive
MG,MG4 Electric XPOWER,61.7,137,3.8,200,320,193,560,"46,990","42,285","36,495","45,472",All Wheel Drive
VOLKSWAGEN,ID.7 Tourer GTX,86,142,6.0,180,480,179,770,"65,000","65,000","65,000","80,990",All Wheel Drive
POLESTAR,2 Standard Range Single Motor,67,118,6.4,205,405,165,480,"46,275","44,950","44,950","56,007",Rear Wheel Drive
MERCEDES-BENZ,EQA 250+,70.5,129,8.6,160,420,168,500,"52,205","52,546","49,750","61,988",Front Wheel Drive
SKODA,Enyaq 60,58,133,8.7,160,335,173,450,"44,200","44,990","38,970","48,556",Rear Wheel Drive
FIAT,600e,50.8,121,9.0,150,305,167,490,"36,490","35,990","32,995","41,111",Front Wheel Drive
PORSCHE,Taycan Plus,97,193,4.8,230,560,173,1230,"107,224","113,044","90,954","113,328",Rear Wheel Drive
POLESTAR,2 Long Range Dual Motor,79,125,4.5,205,450,176,670,"52,275","55,200","52,950","65,975",All Wheel Drive
VOLKSWAGEN,ID. Buzz GTX,79,229,6.5,160,335,236,520,"75,000","75,000","70,000","87,220",All Wheel Drive
MINI,Cooper SE,49,124,6.7,170,310,158,440,"36,900","38,990","34,500","42,987",Front Wheel Drive
PORSCHE,Taycan Turbo GT,97,494,2.3,290,475,204,1050,"240,000","249,900","186,300","232,129",All Wheel Drive
POLESTAR,4 Long Range Dual Motor,94,158,3.8,200,465,202,630,"71,200","72,800","66,990","83,469",All Wheel Drive
NIO,EL6 100 kWh,90,174,4.5,200,435,207,630,"74,500","76,900",N/A,"42,960",All Wheel Drive
MERCEDES-BENZ,EQE 300,89,137,7.3,210,525,170,660,"67,187","69,928","68,810","85,737",Rear Wheel Drive
DACIA,Spring Electric 65 Extreme,25,153,13.7,125,160,156,170,"24,550",N/A,N/A,"26,023",Front Wheel Drive
NISSAN,Leaf e+,59,121,6.9,157,340,174,240,"41,100",N/A,N/A,"43,566",Front Wheel Drive
RENAULT,5 E-Tech 40kWh 95hp,40,97,10.0,140,260,154,-,"25,000","25,000","22,000","27,412",Front Wheel Drive
VOLKSWAGEN,ID.7 Tourer Pro S,86,126,7.0,180,505,170,810,"61,000","61,000","60,000","74,760",Rear Wheel Drive
MERCEDES-BENZ,EQB 350 4MATIC,66.5,187,6.2,160,345,193,500,"58,197","69,728","56,810","70,785",All Wheel Drive
VOYAH,Free 106 kWh,100,154,4.4,200,480,208,360,N/A,"74,150",N/A,"41,424",All Wheel Drive
PEUGEOT,e-5008 73 kWh,73,143,9.0,170,370,197,430,"52,000","52,000","48,000","59,808",Front Wheel Drive
CUPRA,Tavascan VZ,77,141,5.6,180,430,179,640,"58,000","60,000","55,000","68,530",All Wheel Drive
VOLVO,EX40 Twin Motor,79,164,4.8,180,385,205,570,"59,590",N/A,"57,805","72,025",All Wheel Drive
PORSCHE,Taycan,82.3,212,4.8,230,485,170,1070,"101,500","107,000","86,500","107,779",Rear Wheel Drive
SMART,#3 Brabus,62,153,3.7,180,335,185,520,"50,990","50,895","45,000","56,070",All Wheel Drive
FORD,Mustang Mach-E ER AWD,91,156,5.8,180,445,204,390,"65,900","66,940","65,405","81,494",All Wheel Drive
VOLKSWAGEN,ID.4 Pro 4MOTION,77,119,6.6,180,425,181,630,"49,020","51,990",N/A,"29,044",All Wheel Drive
BMW,iX M60,105.2,286,3.8,250,485,217,650,"136,100","138,383","122,775","152,977",All Wheel Drive
PEUGEOT,e-2008 54 kWh,50.8,136,9.1,150,300,169,480,"39,450","41,270","36,350","45,292",Front Wheel Drive
VOLKSWAGEN,ID.5 Pro,77,118,6.7,180,455,169,680,"48,970","53,990","50,940","63,471",Rear Wheel Drive
VOLVO,EX40 Single Motor,67,144,7.3,180,345,194,530,"49,990","45,995","45,955","57,259",Rear Wheel Drive
VOLKSWAGEN,ID.3 Pro S - 4 Seats,77,106,7.9,160,455,169,680,"47,595","47,990","42,870","53,416",Rear Wheel Drive
PEUGEOT,e-308,50.8,150,9.8,170,300,169,450,"44,765","42,070","42,025","52,363",Front Wheel Drive
OPEL,Corsa Electric 50 kWh,46.3,121,8.7,150,295,157,470,"34,650","34,999","32,445","40,426",Front Wheel Drive
GWM,ORA 3 48 kWh,45.4,146,8.3,160,260,175,240,"38,990",N/A,"31,995","39,865",Front Wheel Drive
VOLKSWAGEN,ID.4 Pure,52,150,9.0,160,285,182,360,"40,335","44,990",N/A,"25,134",Rear Wheel Drive
PEUGEOT,e-208 51 kWh,48.1,123,8.2,150,310,155,480,"40,325","37,170","32,400","40,370",Front Wheel Drive
XPENG,P7 Wing Edition,82.7,155,4.1,200,455,182,730,"69,600","71,188",N/A,"39,769",All Wheel Drive
KIA,EV6 Standard Range 2WD,54,148,8.5,185,305,177,750,"46,990","43,495",N/A,"24,298",Rear Wheel Drive
NISSAN,Ariya 63kWh,63,137,7.5,160,335,188,450,"47,490","44,990","39,645","49,397",Front Wheel Drive
LUCID,Air Touring,92,173,3.2,250,580,159,970,"99,000","102,000",N/A,"56,983",All Wheel Drive
CITROEN,e-C4 X,46.3,132,9.7,150,285,162,460,"37,540","38,680","31,995","39,865",Front Wheel Drive
XPENG,G9 RWD Long Range,93.1,130,6.4,200,480,194,1120,"61,600","63,188",N/A,"35,300",Rear Wheel Drive
MG,Marvel R,70,125,7.9,200,365,192,400,"46,990","44,485",N/A,"24,851",Rear Wheel Drive
SKODA,Enyaq 85x,77,122,6.6,180,440,175,660,"51,150",N/A,"48,605","60,561",All Wheel Drive
POLESTAR,3 Long Range Dual motor,107,177,5.0,210,490,218,640,"85,590","86,950","75,900","94,571",All Wheel Drive
PEUGEOT,e-5008 98 kWh Long Range,98,125,9.7,170,490,200,640,"60,000","60,000","55,000","68,530",Front Wheel Drive
CUPRA,Born VZ,79,112,5.7,160,460,172,690,"50,000","50,000","47,000","58,562",Rear Wheel Drive
JAGUAR,I-Pace EV400,84.7,235,4.8,200,380,223,360,"92,400","95,450","69,995","87,213",All Wheel Drive
SSANGYONG,Korando e-Motion,56,139,8.5,156,290,193,330,"40,490","39,990",N/A,"22,340",Front Wheel Drive
VINFAST,VF 9 Extended Range,123,174,6.5,200,520,237,520,"89,790","91,300",N/A,"51,005",All Wheel Drive
AUDI,Q4 e-tron 45 quattro,77,145,6.6,180,395,195,590,"54,950","56,865","52,175","65,010",All Wheel Drive
BMW,iX2 eDrive20,64.7,134,8.6,170,395,164,530,"49,400","49,976","51,615","64,312",Front Wheel Drive
VOLVO,EX90 Twin Motor,107,209,5.9,180,465,230,610,"91,700","88,995","96,255","119,933",All Wheel Drive
LOTUS,Eletre R,109,326,2.9,260,455,240,950,"151,990","154,090","121,305","151,146",All Wheel Drive
VOLKSWAGEN,ID.4 GTX,77,140,5.4,180,420,183,630,"53,255","60,990","53,865","67,115",All Wheel Drive
BMW,i5 eDrive40 Touring,81.2,170,6.1,193,455,178,730,"72,200","79,622","69,945","87,151",Rear Wheel Drive
XPENG,G9 RWD Standard Range,75.8,148,6.4,200,395,192,830,"57,600","59,188",N/A,"33,065",Rear Wheel Drive
VOLVO,EC40 Single Motor ER,79,137,7.3,180,420,188,630,"57,190","53,495","54,305","67,664",Rear Wheel Drive
AUDI,SQ6 e-tron,94.9,225,4.3,230,445,213,890,"93,800","100,000","92,950","115,815",All Wheel Drive
MERCEDES-BENZ,EQB 300 4MATIC,66.5,169,8.0,160,345,193,500,"55,519","61,379",N/A,"34,289",All Wheel Drive
XPENG,P7 RWD Long Range,82.7,102,6.7,200,495,167,800,"49,600","51,188",N/A,"28,596",Rear Wheel Drive
LOTUS,Emeya,100,206,4.2,250,530,189,1230,"106,400","109,685","96,255","119,933",All Wheel Drive
XPENG,G6 AWD Performance,87.5,125,4.1,200,480,182,960,"60,000","60,000",N/A,"33,519",All Wheel Drive
AUDI,Q8 e-tron 50 quattro,89,175,6.0,200,425,209,660,"74,400","71,385","67,800","84,478",All Wheel Drive
VOLVO,EX90 Twin Motor Performance,107,230,4.9,180,450,238,590,"96,800","98,495","100,555","125,291",All Wheel Drive
DACIA,Spring Electric 65,25,124,13.7,125,160,156,170,"20,000","20,950","15,995","19,929",Front Wheel Drive
MERCEDES-BENZ,EQS 450 4MATIC,108.4,189,5.6,210,610,178,910,"113,359","116,955",N/A,"65,338",All Wheel Drive
RENAULT,Megane E-Tech EV40 130hp,40,151,10.0,150,260,154,370,"42,000","36,370",N/A,"20,318",Front Wheel Drive
VOLKSWAGEN,ID.3 GTX,79,112,6.0,180,460,172,690,"50,000","50,000","47,000","58,562",Rear Wheel Drive
AUDI,Q4 e-tron 55 quattro,77,160,5.4,180,395,195,590,"59,000","64,615","57,125","71,177",All Wheel Drive
OPEL,Astra Sports Tourer Electric,50.8,141,9.3,170,310,164,500,"43,490","41,499","39,995","49,833",Front Wheel Drive
SKODA,Enyaq Coupe RS,77,139,5.5,180,455,169,680,"63,300","63,690","54,820","68,305",All Wheel Drive
FORD,Mustang Mach-E SR RWD,72.6,141,7.3,180,380,191,460,"55,800","46,300","50,830","63,334",Rear Wheel Drive
BMW,i7 M70 xDrive,101.7,381,3.7,250,490,208,730,"181,800","189,877","163,315","203,490",All Wheel Drive
NIO,ET7 100 kWh,90,183,3.8,200,505,178,530,"90,900","93,900",N/A,"52,458",All Wheel Drive
RENAULT,Kangoo E-Tech Electric,45,179,12.6,132,220,205,230,"39,300",N/A,N/A,"41,658",Front Wheel Drive
MASERATI,GranTurismo Folgore,83,480,2.7,320,420,198,980,"198,212","199,250","179,950","224,217",All Wheel Drive
PEUGEOT,e-2008 50 kWh,46.3,144,9.9,150,270,171,430,"38,600","39,270",N/A,"21,938",Front Wheel Drive
MG,Marvel R Performance,70,148,4.9,200,350,200,380,"50,990","52,485",N/A,"29,321",All Wheel Drive
AUDI,Q4 Sportback e-tron 45,77,132,6.7,180,435,177,650,"54,950","56,915","52,245","65,097",Rear Wheel Drive
XPENG,G6 RWD Standard Range,66,120,6.9,200,375,176,750,"45,000","45,000",N/A,"25,139",Rear Wheel Drive
CITROEN,e-C4 X 54 kWh,50.8,125,10.0,150,330,154,470,"41,540","40,680",N/A,"22,726",Front Wheel Drive
NIO,EL7 100 kWh,90,224,3.9,200,430,209,450,"94,900","97,900",N/A,"54,692",All Wheel Drive
LUCID,Air Pure RWD,92,153,4.7,200,565,163,940,"85,000","88,000",N/A,"49,162",All Wheel Drive
SMART,#3 Premium,62,130,5.8,180,355,175,550,"46,490","46,055","40,000","49,840",Rear Wheel Drive
OPEL,Corsa Electric 51 kWh,48.1,124,8.1,150,315,153,490,"38,045","37,999","35,475","44,201",Front Wheel Drive
AUDI,SQ8 e-tron,106,225,4.5,210,455,233,570,"95,800","99,135","97,500","121,485",All Wheel Drive
RENAULT,Megane E-Tech EV60 130hp,60,114,10.5,150,380,158,530,"47,000","39,370",N/A,"21,994",Front Wheel Drive
NISSAN,Townstar EV Passenger,45,178,12.6,132,225,200,230,"39,990",N/A,N/A,"42,389",Front Wheel Drive
RENAULT,Scenic E-Tech EV60 170hp,60,123,8.6,150,340,176,400,"41,400","42,470",N/A,"23,726",Front Wheel Drive
GENESIS,GV60 Premium,74,159,7.8,185,390,190,1020,N/A,N/A,"53,905","67,165",Rear Wheel Drive
BMW,i5 xDrive40 Sedan,81.2,171,5.4,215,455,178,730,"75,600","80,227",N/A,"44,819",All Wheel Drive
PORSCHE,Taycan 4S Plus,97,227,3.7,250,550,176,1210,"126,422","132,631","100,196","124,844",All Wheel Drive
SERES,3,51,146,8.9,155,260,196,240,N/A,"37,995",N/A,"21,226",Front Wheel Drive
BMW,i7 eDrive50,101.7,227,5.5,205,520,196,780,"115,700","122,463","100,205","124,855",Rear Wheel Drive
PORSCHE,Taycan Turbo GT Weissach,97,494,2.2,305,475,204,1050,"240,000","249,900","186,300","232,129",All Wheel Drive
MINI,Cooper E,37,147,7.3,160,235,157,360,"32,900","35,990","30,000","37,380",Front Wheel Drive
MERCEDES-BENZ,EQS SUV 450+,118,219,6.8,210,540,219,680,"110,801","125,425",N/A,"70,069",Rear Wheel Drive
FORD,Explorer Standard Range RWD,52,155,9.0,160,280,186,350,"42,500","41,450","39,875","49,684",Rear Wheel Drive
HONGQI,E-HS9 84 kWh,76.5,219,6.5,200,320,239,440,N/A,"69,995",N/A,"39,103",All Wheel Drive
MERCEDES-BENZ,EQE SUV 350 4MATIC,90.6,217,6.6,210,435,208,550,"89,548","99,089",N/A,"55,357",All Wheel Drive
GWM,ORA 3 63 kWh,59.3,125,8.2,160,340,174,290,"44,490",N/A,"34,995","43,603",Front Wheel Drive
FISKER,Ocean Sport,71,121,7.4,160,360,197,480,"43,900","43,990","36,900","45,977",Front Wheel Drive
MASERATI,Grecale Folgore,95,309,4.1,220,405,235,440,"124,301","124,600","109,905","136,941",All Wheel Drive
NISSAN,Ariya e-4ORCE 87kWh - 225 kW,87,144,5.7,200,405,215,480,"61,990","54,990","50,845","63,352",All Wheel Drive
NIO,ET5 Touring 100 kWh,90,146,4.0,200,485,186,700,"68,500","72,900",N/A,"40,726",All Wheel Drive
MINI,Countryman SE ALL4,64.7,138,5.6,180,370,175,500,"49,500","49,490","47,180","58,786",All Wheel Drive
DS,3 E-Tense,50.8,137,9.0,150,300,169,480,"40,540","39,640","37,200","46,351",Front Wheel Drive
VOLKSWAGEN,ID. Buzz LWB GTX,86,225,6.5,160,355,242,570,"78,000","78,000","73,000","90,958",All Wheel Drive
MG,MG5 Electric Standard Range,46,135,7.7,185,265,174,320,"35,490","35,885",N/A,"20,047",Front Wheel Drive
FORD,Mustang Mach-E GT,91,187,3.7,200,425,214,380,"77,300","75,200","74,540","92,876",All Wheel Drive
ZEEKR,X Long Range RWD,64,126,5.6,180,355,180,590,"45,970","43,490",N/A,"24,296",Rear Wheel Drive
MERCEDES-BENZ,EQS SUV Maybach 680,118,440,4.4,210,490,241,620,"200,634","216,780","200,000","249,200",All Wheel Drive
PEUGEOT,e-308 SW,50.8,151,9.0,150,300,169,450,"45,765","42,570","41,250","51,397",Front Wheel Drive
VOLVO,EC40 Twin Motor,79,160,4.8,180,400,198,600,"61,290",N/A,"57,805","72,025",All Wheel Drive
MERCEDES-BENZ,EQS SUV 580 4MATIC,118,303,4.7,210,530,223,670,"147,923","173,825","139,470","173,779",All Wheel Drive
POLESTAR,2 Long Range Performance,79,139,4.2,205,450,176,670,"58,775","61,700","57,950","72,205",All Wheel Drive
RENAULT,5 E-Tech 40kWh 120hp,40,107,9.0,140,260,154,340,"28,000","28,000","24,000","29,904",Front Wheel Drive
SKODA,Enyaq Coupe 85x,77,118,6.6,180,470,164,700,"53,400",N/A,"50,305","62,680",All Wheel Drive
CUPRA,Tavascan Endurance,77,122,6.8,180,450,171,670,"52,000","55,000","50,000","62,300",Rear Wheel Drive
VOLKSWAGEN,ID. Buzz LWB Pro S,86,199,8.0,160,370,232,470,"73,000","73,000","65,000","80,990",Rear Wheel Drive
SMART,#3 Pro,47,147,5.9,180,265,177,340,"38,490","38,395","35,000","43,610",Rear Wheel Drive
HONGQI,E-HS9 120 kWh,112,224,4.9,200,460,243,420,N/A,"102,995",N/A,"57,539",All Wheel Drive
XPENG,G9 AWD Performance,93.1,154,3.9,200,465,200,1080,"69,600","73,188",N/A,"40,887",All Wheel Drive
GENESIS,G80 Electrified Luxury,82.5,170,4.9,225,440,188,880,"69,200",N/A,"69,805","86,977",All Wheel Drive
PORSCHE,Taycan Turbo S,97,410,2.4,260,500,194,1100,"209,900","218,900","161,400","201,104",All Wheel Drive
NIO,ET5 75 kWh,70.5,155,4.0,200,395,178,590,"59,500","62,700",N/A,"35,027",All Wheel Drive
CITROEN,e-C4 54 kWh,50.8,123,10.0,150,330,154,470,"41,540","39,840",N/A,"22,257",Front Wheel Drive
FIAT,500e 3+1 42 kWh,37.3,154,9.0,150,235,159,390,"36,990","35,490",N/A,"19,826",Front Wheel Drive
FIAT,500e Hatchback 24 kWh,21.3,228,9.0,135,135,158,230,"30,990","28,990","28,195","35,130",Front Wheel Drive
KIA,e-Soul 64 kWh,64,125,7.9,167,370,173,350,"47,450",N/A,"39,075","48,687",Front Wheel Drive
AIWAYS,U5,60,131,7.5,150,315,190,380,"39,563","42,950",N/A,"23,994",Front Wheel Drive
VOLVO,EC40 Single Motor,67,152,7.3,180,360,186,560,"52,690","50,495","52,555","65,483",Rear Wheel Drive
VOLKSWAGEN,ID.3 GTX Performance,79,118,5.6,200,460,172,690,"53,000","53,000","50,000","62,300",Rear Wheel Drive
MERCEDES-BENZ,EQS 500 4MATIC,108.4,229,4.8,210,590,184,880,"125,378","145,390",N/A,"81,223",All Wheel Drive
MERCEDES-BENZ,EQE AMG 43 4MATIC,90.6,240,4.2,210,450,201,670,"104,756","111,068",N/A,"62,049",All Wheel Drive
MERCEDES-BENZ,EQS AMG 53 4MATIC+,108.4,307,3.4,250,535,203,800,"155,009","173,825",N/A,"97,109",All Wheel Drive
OPEL,Mokka-e 54 kWh,50.8,144,9.0,150,290,175,460,"44,720","37,999","37,260","46,425",Front Wheel Drive
POLESTAR,3 Long Range Performance,107,198,4.7,210,470,228,610,"92,190","93,550","81,500","101,549",All Wheel Drive
MERCEDES-BENZ,EQE SUV 500 4MATIC,96,238,4.9,210,455,211,630,"99,841","116,755",N/A,"65,226",All Wheel Drive
LEXUS,UX 300e,64,161,7.5,160,340,188,170,N/A,N/A,"47,495","59,178",Front Wheel Drive
MERCEDES-BENZ,EQE 350,89,157,6.4,210,515,173,650,"70,995","83,238","77,345","96,371",Rear Wheel Drive
MERCEDES-BENZ,EQE 350 4MATIC,89,157,6.3,210,510,175,640,"74,149","86,263",N/A,"48,191",All Wheel Drive
GENESIS,GV70 Electrified Sport,74,203,4.2,235,350,211,860,"67,300",N/A,"65,105","81,120",All Wheel Drive
MERCEDES-BENZ,EQS SUV 450 4MATIC,118,247,6.1,210,530,223,670,"114,609","129,660","129,470","161,319",All Wheel Drive
SMART,#1 Pro,47,148,6.7,180,250,188,320,"37,490",N/A,"31,950","39,809",Rear Wheel Drive
LOTUS,Eletre S,109,255,4.5,250,480,227,1000,"121,990","124,090","105,805","131,833",All Wheel Drive
PORSCHE,Taycan 4S,82.3,251,3.7,250,475,173,1050,"120,900","126,800","95,900","119,491",All Wheel Drive
BYD,DOLPHIN 44.9 kWh Boost,44.9,125,8.0,160,255,176,260,"30,000","32,990","28,500","35,511",Front Wheel Drive
LOTUS,Emeya S,100,241,4.2,250,530,189,1230,"126,950","130,585","108,755","135,508",All Wheel Drive
ZEEKR,001 Privilege AWD,94,139,3.8,200,495,190,670,"68,970","68,490",N/A,"38,262",All Wheel Drive
MERCEDES-BENZ,EQA 300 4MATIC,66.5,161,7.7,160,350,190,500,"53,520","58,959",N/A,"32,938",All Wheel Drive
VOLKSWAGEN,ID.5 GTX,77,142,5.5,180,430,179,640,"56,455","62,990","55,365","68,984",All Wheel Drive
MERCEDES-BENZ,EQT 200 Standard,45,216,12.6,132,225,200,230,"49,445","47,753",N/A,"26,677",Front Wheel Drive
MERCEDES-BENZ,EQV 300 Long,90,266,12.1,160,315,286,320,"79,048","88,626",N/A,"49,511",Front Wheel Drive
CITROEN,e-Berlingo XL 50 kWh,50,171,11.7,132,230,217,340,"37,940","43,178","31,890","39,734",Front Wheel Drive
MERCEDES-BENZ,EQE SUV 300,90.6,186,7.6,210,450,201,570,"83,479",N/A,N/A,"88,487",Rear Wheel Drive
CITROEN,e-Berlingo M 50 kWh,50,162,11.7,132,235,213,350,"36,940","41,358","30,990","38,613",Front Wheel Drive
VOLVO,EX90 Single Motor,101,182,8.4,180,460,220,600,"83,700","83,495",N/A,"46,645",Rear Wheel Drive
SMART,#1 Premium,62,134,6.7,180,335,185,520,"44,990","44,895","38,950","48,531",Rear Wheel Drive
PEUGEOT,e-3008 73 kWh Dual Motor,73,136,6.4,180,380,192,440,"50,000","50,000","48,000","59,808",All Wheel Drive
MERCEDES-BENZ,EQE SUV 350+,96,188,6.9,210,475,202,660,"86,811","91,950",N/A,"51,368",Rear Wheel Drive
MERCEDES-BENZ,EQA 350 4MATIC,66.5,178,6.0,160,350,190,500,"56,424","67,308","54,510","67,919",All Wheel Drive
CUPRA,Born 170 kW - 58 kWh,58,121,6.6,160,345,168,460,"40,750","38,989","39,205","48,849",Rear Wheel Drive
AUDI,Q4 Sportback e-tron 55 quattro,77,157,5.4,180,415,186,620,"61,000","66,665","58,625","73,046",All Wheel Drive
SMART,#3 Pro+,62,122,5.8,180,355,175,550,"43,490","43,395","37,000","46,102",Rear Wheel Drive
FIAT,500e Cabrio 42 kWh,37.3,166,9.0,150,230,162,380,"37,990","37,490","34,195","42,606",Front Wheel Drive
FORD,Mustang Mach-E SR AWD,72.6,170,6.2,180,350,207,430,N/A,"59,400",N/A,"33,184",All Wheel Drive
E.GO,e.wave X,27,167,12.0,135,150,180,-,"24,990",N/A,N/A,"26,489",Rear Wheel Drive
BMW,i5 M60 xDrive Touring,81.2,263,3.9,230,415,196,670,"101,500","110,477","99,995","124,593",All Wheel Drive
AUDI,Q4 Sportback e-tron 45 quattro,77,143,6.6,180,415,186,620,"56,950","58,915","53,675","66,879",All Wheel Drive
AUDI,Q8 e-tron Sportback 50 quattro,89,173,6.0,200,445,200,690,"76,650","73,785","70,300","87,593",All Wheel Drive
VINFAST,VF 8 Eco Extended Range,87.7,126,5.9,200,425,206,550,"52,990","53,900",N/A,"30,111",All Wheel Drive
ABARTH,500e Hatchback,37.8,172,7.0,155,225,168,370,"37,990","38,490","34,195","42,606",Front Wheel Drive
XPENG,P7 AWD Performance,82.7,130,4.1,200,460,180,740,"58,600","61,188",N/A,"34,183",All Wheel Drive
LOTUS,Emeya R,100,324,2.8,256,470,213,1090,"150,990","155,025","131,255","163,543",All Wheel Drive
SKODA,Enyaq RS,77,140,5.5,180,435,177,650,"61,050",N/A,"53,120","66,187",All Wheel Drive
VOLVO,EX40 Twin Motor Performance,79,161,4.6,180,380,208,570,"62,890","59,495",N/A,"33,237",All Wheel Drive
AUDI,SQ8 e-tron Sportback,106,218,4.5,210,480,221,610,"98,050","101,535","100,000","124,600",All Wheel Drive
MERCEDES-BENZ,EQE 500 4MATIC,90.6,200,4.7,210,505,179,750,"88,215","113,488",N/A,"63,401",All Wheel Drive
MERCEDES-BENZ,EQE AMG 53 4MATIC+,90.6,275,3.5,220,450,201,670,"110,706","128,613","114,750","142,978",All Wheel Drive
PORSCHE,Taycan Turbo,97,329,2.7,260,520,187,1140,"175,600","183,000","134,100","167,088",All Wheel Drive
GWM,ORA 3 GT,59.3,152,8.2,160,325,182,280,"49,490",N/A,N/A,"52,459",Front Wheel Drive
PORSCHE,Taycan 4 Cross Turismo,97,227,4.7,220,505,192,1110,"113,100","119,400","96,800","120,612",All Wheel Drive
MERCEDES-BENZ,EQE SUV AMG 53 4MATIC+,90.6,353,3.5,240,410,221,610,"139,438","149,788",N/A,"83,680",All Wheel Drive
MERCEDES-BENZ,EQE SUV AMG 43 4MATIC,90.6,308,4.3,210,415,218,620,"124,920","130,791",N/A,"73,067",All Wheel Drive
NISSAN,Ariya e-4ORCE 87kWh - 290 kW,87,168,5.1,200,405,215,480,"71,490","64,990",N/A,"36,307",All Wheel Drive
VOLVO,EC40 Twin Motor Performance,79,157,4.6,180,400,198,600,"64,390","60,995",N/A,"34,075",All Wheel Drive
SKODA,Enyaq Coupe 60,58,134,8.8,160,355,163,480,"46,850","47,990",N/A,"26,810",Rear Wheel Drive
NIO,ET5 Touring 75 kWh,70.5,160,4.0,200,385,183,570,"59,500","63,900",N/A,"35,698",All Wheel Drive
PORSCHE,Taycan Plus Sport Turismo,97,212,4.8,230,515,188,1130,"108,124","114,144","91,754","114,325",Rear Wheel Drive
MERCEDES-BENZ,EQS SUV 500 4MATIC,118,257,5.3,210,530,223,670,"124,545","148,173",N/A,"82,778",All Wheel Drive
VOLKSWAGEN,ID. Buzz LWB Pro,77,210,7.9,160,335,230,460,"70,000","70,000","62,000","77,252",Rear Wheel Drive
KIA,e-Soul 39.2 kWh,39.2,164,9.9,157,230,170,200,N/A,N/A,"32,875","40,962",Front Wheel Drive
PEUGEOT,e-5008 73 kWh Dual Motor,73,154,6.0,170,365,200,420,"55,000","55,000","51,000","63,546",All Wheel Drive
PORSCHE,Taycan 4S Cross Turismo,97,247,3.8,240,505,192,1110,"126,400","132,600","100,400","125,098",All Wheel Drive
MERCEDES-BENZ,eVito Tourer Long 90 kWh,90,245,12.1,160,320,281,320,"72,043","84,773",N/A,"47,359",Front Wheel Drive
SMART,#1 Pulse,62,142,4.5,180,325,191,500,"46,490","46,055",N/A,"25,729",All Wheel Drive
ELARIS,BEO 86 kWh,81,136,8.0,150,390,208,290,"53,090",N/A,N/A,"56,275",Front Wheel Drive
FIAT,500e 3+1 24 kWh,21.3,230,9.0,135,135,158,230,N/A,"30,990",N/A,"17,312",Front Wheel Drive
AIWAYS,U6,60,138,7.0,160,350,171,430,"47,588","48,975",N/A,"27,360",Front Wheel Drive
PORSCHE,Taycan Turbo S Cross Turismo,97,434,2.5,250,475,204,1050,"211,300","220,400","162,500","202,475",All Wheel Drive
GENESIS,GV60 Sport Plus,74,206,4.0,235,365,203,950,"73,100",N/A,"67,505","84,111",All Wheel Drive
FIAT,500e Cabrio 24 kWh,21.3,250,9.0,135,135,158,230,"35,490","31,990",N/A,"17,871",Front Wheel Drive
VINFAST,VF 8 Plus Extended Range,87.7,140,5.5,200,425,206,550,"58,890","59,790",N/A,"33,402",All Wheel Drive
ABARTH,500e Convertible,37.8,186,7.0,155,225,168,370,"40,990","41,490","37,195","46,344",Front Wheel Drive
NIO,EL6 75 kWh,70.5,191,4.5,200,350,201,520,"65,500","67,900",N/A,"37,933",All Wheel Drive
GENESIS,GV60 Sport,74,171,5.5,200,380,195,990,"63,200",N/A,"58,365","72,722",All Wheel Drive
PORSCHE,Taycan 4S Plus Sport Turismo,97,254,3.7,250,495,196,1090,"127,322","133,631","100,996","125,841",All Wheel Drive
PORSCHE,Taycan Sport Turismo,82.3,233,4.8,230,445,185,980,"102,400","108,100","87,300","108,775",Rear Wheel Drive
PORSCHE,Taycan Turbo Cross Turismo,97,348,2.8,250,495,196,1090,"177,000","184,500","135,200","168,459",All Wheel Drive
NIO,EL7 75 kWh,70.5,257,3.9,200,340,207,510,"85,900","88,900",N/A,"49,664",All Wheel Drive
PORSCHE,Taycan 4S Sport Turismo,82.3,280,3.7,250,430,191,950,"121,800","127,800","96,700","120,488",All Wheel Drive
MERCEDES-BENZ,EQV 250 Extra-Long,60,363,12.0,160,210,286,200,"76,217",N/A,N/A,"80,790",Front Wheel Drive
PORSCHE,Taycan Turbo S Sport Turismo,97,447,2.4,260,460,211,1010,"210,800","219,900","162,100","201,976",All Wheel Drive
MERCEDES-BENZ,eVito Tourer Long 60 kWh,60,311,12.0,160,220,273,210,"68,398",N/A,N/A,"72,501",Front Wheel Drive
PORSCHE,Taycan Turbo Sport Turismo,97,366,2.7,260,470,206,1030,"176,600","184,000","134,800","167,960",All Wheel Drive
MERCEDES-BENZ,eVito Tourer Extra-Long 60 kWh,60,322,12.0,160,215,279,200,"69,309",N/A,N/A,"73,467",Front Wheel Drive
MERCEDES-BENZ,EQV 250 Long,60,350,12.0,160,215,279,200,"75,282",N/A,N/A,"79,798",Front Wheel Drive
ALFA ROMEO,Junior Elettrica 54 kWh,50.8,129,9.0,150,315,161,500,"39,500","41,000","36,000","44,856",Front Wheel Drive
ALFA ROMEO,Junior Elettrica 54 kWh Veloce,50.8,154,7.0,150,305,167,490,"46,000","47,000","42,000","52,332",Front Wheel Drive
